index;title;score;type;categories;most relevant words
1;Alan Smithee;45;Pseudonym | Fiktive Person;Fiktive Person, Pseudonym, Sammelpseudonym, Werk von Alan Smithee;smithee, alan, regisseur, pseudonym, film, dga, namen, werk, totten, siegel, hollywood, verwendung, august, filme, eigentliche, thomas, lee, schreibweisen, gehören, imdb
3;Ang Lee;21;person;Ang Lee, Drehbuchautor, Filmregisseur, Oscarpreisträger, Golden-Globe-Preisträger, Person als Namensgeber für einen Asteroiden, Mitglied der American Academy of Arts and Sciences, Taiwaner, Geboren 1954, Mann;lee, kategorie, tiger, ang, film, dragon, beste, regie, filme, brokeback, mountain, taiwan, auszeichnung, nominierung, regisseur, sinn, sinnlichkeit, lees, filmfestspiele, venedig
34;Anthony Minghella;18;person;Anthony Minghella, Autor, Literatur (20. Jahrhundert), Literatur (Englisch), Drama, Theaterregisseur, Hörspielautor, Drehbuchautor, Filmregisseur, Filmproduzent, Oscarpreisträger, Opernregisseur, Commander des Order of the British Empire, Brite, Geboren 1954, Gestorben 2008, Mann;kategorie, minghella, patient, anthony, isle, wight, drehbuchautor, tätig, fernsehserie, film, regie, englische, cold, mountain, bbc, ripley, british, cbe, märz, london
42;Alfred Hitchcock;39;person;Alfred Hitchcock, Filmregisseur, Filmproduzent, Person (Stummfilm), Knight Commander des Order of the British Empire, Mitglied der Ehrenlegion (Ritter), Träger des Ordre des Arts et des Lettres (Offizier), Person (Film, London), Oscarpreisträger, Diskriminierung, Sexismus, Brite, US-Amerikaner, Geboren 1899, Gestorben 1980, Mann;hitchcock, film, hitchcocks, alfred, usa, filme, filmen, jedoch, mann, psycho, regisseur, regie, films, frau, isbn, mord, drehbuch, vertigo, unsichtbare, drehte
44;Aki Kaurismäki;18;person;Aki Kaurismäki, Filmregisseur, Drehbuchautor, Träger der finnischen Auszeichnung Akademiker, Jussi-Preisträger, Finne, Geboren 1957, Mann, Träger des Berliner Kunstpreises;film, kaurismäki, mann, vergangenheit, aki, nominierung, bester, filmfestival, internationales, regie, kategorie, berlin, havre, filmfestspiele, jussi, drehbuch, wolken, ziehen, vorüber, mika
48;Al Pacino;15;person;Filmschauspieler, Theaterschauspieler, Golden-Globe-Preisträger, Oscarpreisträger, Emmy-Preisträger, Träger des Tony Award, US-Amerikaner, Person (Bronx), Geboren 1940, Mann, Mitglied der American Academy of Arts and Sciences;pacino, hauptdarsteller, nominierung, bester, pate, bester, award, richard, kategorie, nebendarsteller, drama, new, jahren, looking, scarface, erhielt, film, hundstage, iii, serpico
62;Alexander der Große;15;person;Alexander der Große, König (Makedonien), Person im Alexanderzug, Altägyptischer König (Griechisch-römische Zeit), Namensgeber für einen Mondkrater, Militärperson (Makedonien), Geboren 356 v. Chr., Gestorben 323 v. Chr., Mann, Neun Gute Helden;alexander, alexanders, chr., dareios, könig, jahrhundert, stadt, makedonen, persischen, isbn, perser, ließ, worden, zeit, griechischen, große, makedonien, schlacht, philipp, quellen
64;Anthony Hope;15;person;Anthony Hope, Dichterjurist, Literatur (Englisch), Literatur (Vereinigtes Königreich), Literatur (19. Jahrhundert), Literatur (20. Jahrhundert), Roman, Epik, Knight Bachelor, Person (London), Engländer, Brite, Geboren 1863, Gestorben 1933, Mann;kategorie, literatur, hope, hawkins, anthony, london, zenda, jahrhundert, mini|anthony, pseudonym, sir, februar, juli, walton-on-the-hill, surrey, britischen, rechtsanwalt, schriftsteller, sohn, reverend
74;Alan Turing;24;person;Alan Turing, Informatiker, Logiker, Mathematischer Logiker (20. Jahrhundert), Theoretischer Biologe, Kryptoanalytiker, Person (Künstliche Intelligenz), Computerpionier, Computerschachprogrammierer, Fish (Kryptologie), Enigma (Maschine), Hochschullehrer (University of Manchester), Vertreter der Philosophie des Geistes, Kognitionswissenschaftler, Person im Zweiten Weltkrieg (Vereinigtes Königreich), Nachrichtendienstliche Person im Zweiten Weltkrieg, Geschichte der Homosexualität, Mitglied der Royal Society, Person als Namensgeber für einen Asteroiden, Officer des Order of the British Empire, Brite, Geboren 1912, Gestorben 1954, Mann;turing, alan, turings, kategorie, isbn, jahr, ref, enigma, juni, maschine, britische, manchester, informatik, regierung, arbeit, intelligenz, university, rehabilitierung, wegen, jahre
80;Arthur Harris;9;person;Marshal of the Royal Air Force, Jagdpilot im Ersten Weltkrieg (Vereinigtes Königreich), Person im Zweiten Weltkrieg (Vereinigtes Königreich), Baronet, Knight Grand Cross des Order of the Bath, Officer des Order of the British Empire, Träger des Air Force Cross (Vereinigtes Königreich), Träger des Ordens Legion of Merit (Chief Commander), Brite, Geboren 1892, Gestorben 1984, Mann;harris, bomber, kategorie, air, force, london, royal, arthur, britischen, februar, weltkrieg, krieg, isbn, april, raf, märz, operation, deutsche, command, städte
81;Arthur Wellesley, 1. Duke of Wellington;6;person;Arthur Wellesley, 1. Duke of Wellington, Duke of Wellington, Britischer Premierminister, Außenminister (Vereinigtes Königreich), Innenminister (Vereinigtes Königreich), Abgeordneter des Irish House of Commons, Abgeordneter des House of Commons (Vereinigtes Königreich), Politiker (18. Jahrhundert), Politiker (19. Jahrhundert), Mitglied des House of Lords, Mitglied des Privy Council (Vereinigtes Königreich), Feldmarschall (Vereinigtes Königreich), Generalfeldmarschall (Preußen), Oberbefehlshaber der britischen Armee, Person in den Koalitionskriegen (Vereinigtes Königreich), Britischer Botschafter in Frankreich, Teilnehmer am Wiener Kongress, Lord Warden of the Cinque Ports, Mitglied der Akademie gemeinnütziger Wissenschaften zu Erfurt, Freimaurer (18. Jahrhundert), Freimaurer (19. Jahrhundert), Freimaurer (Vereinigtes Königreich), Mitglied der Royal Society, Person (Wellington), Ritter des Hosenbandordens, Knight Grand Cross des Order of the Bath, Ritter des Schwarzen Adlerordens, Träger des Militär-Max-Joseph-Ordens (Großkreuz), Großkreuz des Guelphen-Ordens, Träger des Militär-Maria-Theresien-Ordens (Großkreuz), Träger des Elefanten-Ordens, Ritter des Ordens vom Goldenen Vlies, Träger des Ordens des Heiligen Georg, Ritter des Ordens vom Heiligen Geist, Person (Dublin), Wellesley (Adelsgeschlecht), Brite, Geboren 1769, Gestorben 1852, Mann;wellington, kategorie, schlacht, wellesley, duke, house, britischen, truppen, wellingtons, portugal, französischen, spanien, lord, erhielt, amt, vereinigtes, königreich, london, mai, britische
83;Angelina Jolie;21;person;Angelina Jolie, Filmschauspieler, Filmregisseur, Filmproduzent, Drehbuchautor, Synchronsprecher, Oscarpreisträger, UN-Sonderbotschafter, Golden-Globe-Preisträger, Mitglied im Council on Foreign Relations, Honorary Dame Commander des Order of St. Michael and St. George, Darstellender Künstler (Los Angeles), Ehrenbürger von Sarajevo, US-Amerikaner, Kambodschaner, Geboren 1975, Frau;jolie, ref, film, angelina, spielte, pitt, award, name, rolle, jahr, us-dollar, jolies, nominierung, kategorie, erhielt, beste, hauptdarstellerin, dreharbeiten, schrieb, juni
84;Archimedes;9;person;Archimedes, Person im Zweiten Punischen Krieg, Mathematiker der Antike, Erfinder, Physiker (vor dem 16. Jahrhundert), Strömungsmechaniker, Person als Namensgeber für einen Asteroiden, Namensgeber für einen Mondkrater, Grieche (Antike), Person (Syrakus), Geboren im 3. Jahrhundert v. Chr., Gestorben 212 v. Chr., Mann;archimedes, band, übersetzung, chr., syrakus, schriften, körper, jahrhundert, lateinisch, kategorie, kugel, zeit, ebener, flächen, heiberg, zylinder, gleichgewicht, parabel, methode, kreismessung
85;Aristoteles;15;person;Aristoteles, Philosoph (Antike), Moralphilosoph, Erkenntnistheoretiker, Logiker, Naturphilosoph, Physiker (vor dem 16. Jahrhundert), Sprachphilosoph, Ästhetiker, Universalgelehrter, Politischer Philosoph, Metaphysik, Zoologe, Person als Namensgeber für einen Asteroiden, Namensgeber für einen Mondkrater, Grieche (Antike), Geboren 384 v. Chr., Gestorben 322 v. Chr., Mann;aristoteles, form, schriften, jahrhundert, isbn, materie, menschen, besteht, met, substanz, prämissen, prinzipien, chr., philosophie, veränderung, lebewesen, wissenschaft, pol, unterscheidet, kategorie
86;Abraham Lincoln;24;person;Abraham Lincoln, Präsident der Vereinigten Staaten, Mitglied des Repräsentantenhauses der Vereinigten Staaten für Illinois, Mitglied des Repräsentantenhauses von Illinois, Mitglied der United States Whig Party, Mitglied der Republikanischen Partei (Vereinigte Staaten), Person im Sezessionskrieg, Opfer eines Attentats, Mordopfer, Rechtsanwalt (Vereinigte Staaten), Namensgeber für ein Schiff, Politiker (19. Jahrhundert), US-Amerikaner, Geboren 1809, Gestorben 1865, Person (Duell), Mann, Person als Namensgeber für einen Asteroiden;lincoln, abraham, lincolns, sklaverei, union, illinois, staaten, isbn, john, washington, präsident, usa, new, norden, krieg, präsidenten, kategorie, york, jahr, partei
90;Angela Merkel;15;person;Angela Merkel, Bundeskanzler (Deutschland), Amtierender Regierungschef (Europa), Familienminister (Bundesrepublik Deutschland), Umweltminister (Bundesrepublik Deutschland), Bundesparteivorsitzender der CDU, Generalsekretär der CDU, Bundestagsabgeordneter (Mecklenburg-Vorpommern), Vorsitzender der CDU/CSU-Bundestagsfraktion, Parteivorsitzender der CDU Mecklenburg-Vorpommern, DA-Mitglied, Funktionär der Freien Deutschen Jugend (DDR), Politiker (20. Jahrhundert), Politiker (21. Jahrhundert), Person (deutsch-französische Beziehungen), Träger des Verdienstordens der Italienischen Republik (Großkreuz), Träger des Ordens Stara Planina, Träger des Ordens El Sol del Perú (Collane), Träger des Ordens des Infanten Dom Henrique (Großkreuz), Träger der Presidential Medal of Freedom, Träger des Bundesverdienstkreuzes (Großkreuz), Träger des norwegischen Verdienstordens (Großkreuz), Träger des Großen Goldenen Ehrenzeichens am Bande für Verdienste um die Republik Österreich, Träger des Vytautas-Magnus-Ordens (Großkreuz), Träger der Wilhelm-Leuschner-Medaille, Karlspreisträger, Ehrenbürger von Templin, Ehrendoktor der Hebräischen Universität Jerusalem, Ehrendoktor der Technischen Universität Breslau, Ehrendoktor der Handelshochschule Leipzig, Ehrendoktor der Universität Leipzig, Ehrendoktor der Universität Bern, Ehrendoktor der Universität Tel Aviv, Ehrendoktor der Babeș-Bolyai-Universität Cluj, Ehrendoktor einer Universität in Südkorea, Ehrendoktor der Angel-Kantschev-Universität Russe, Ehrendoktor einer Universität in den Vereinigten Staaten, Ehrendoktor einer Universität in China, Ehrendoktor einer Universität in der Slowakei, Ehrendoktor der Radboud-Universität Nijmegen, Ehrendoktor der Universität Szeged, Ehrendoktor der Katholieke Universiteit Leuven (KUL), Ehrendoktor der Universität Gent, Ehrendoktor der Universität Haifa, Ehrendoktor der Harvard University, DDR-Bürger, Deutscher, Geboren 1954, Frau;merkel, angela, kategorie, deutschland, merkels, cdu, ref, universität, bundestagswahl, november, bundeskanzlerin, dezember, prozent, oktober, märz, isbn, koalition, spd, september, verliehen
91;Alicia Silverstone;12;person;Filmschauspieler, Theaterschauspieler, US-Amerikaner, Geboren 1976, Frau, Sachbuchautor (Essen und Trinken), Person (Veganismus);silverstone, awards, clueless, beste, nominiert, schauspielerin, gewonnen, spielte, film, mtv, movie, kategorie, komödie, folgen, batman, robin, biest, jahr, alicia, jahren
92;Al-Bīrūnī;6;person;Al-Biruni, Universalgelehrter, Kartograf (Mittelalter), Astronom (islamisches Mittelalter), Islamische Medizin, Mediziner des Mittelalters, Astrologe (11. Jahrhundert), Namensgeber für einen Mondkrater, Übersetzer aus dem Arabischen, Übersetzer aus dem Altgriechischen, Übersetzer ins Sanskrit, Choresmien, Iranistik, Perser, Geboren 973, Gestorben 1048, Mann;kategorie, abu, al-biruni, al-biruni, buch, kath, kitāb, abū, übersetzer, choresmien, ibn, muhammad, al-bīrūnī, jahre, mansur, ibn, mahmud, al-birunis, briefmarke, r-raihan
95;Anna Seghers;21;person;Anna Seghers, Autor, Pseudonym, Literatur (20. Jahrhundert), Literatur (Deutsch), DDR-Literatur, Schriftsteller (Berlin), Roman, Epik, Erzählung, Exilliteratur, Emigrant aus dem Deutschen Reich zur Zeit des Nationalsozialismus, Emigrant in Frankreich, Person (Bewegung Freies Deutschland), NS-Opfer, Träger des Ordens des Roten Banners der Arbeit, Träger des Nationalpreises der DDR I. Klasse für Kunst und Literatur, Träger des Karl-Marx-Ordens, Träger des Vaterländischen Verdienstordens in Gold, Träger des Sterns der Völkerfreundschaft, Träger der Johannes-R.-Becher-Medaille, Träger des Internationalen Stalin-Friedenspreises, Ehrenbürger von Berlin, Ehrenbürger von Mainz, Ehrenbürger der Johannes Gutenberg-Universität Mainz, Ehrendoktor der Friedrich-Schiller-Universität Jena, Mitglied des Heinrich-Heine-Klubs, Mitglied der Akademie der Künste (DDR), SED-Mitglied, KPD-Mitglied, Person des Judentums (Mainz), Deutscher, DDR-Bürger, Geboren 1900, Gestorben 1983, Frau;seghers, kategorie, anna, regie, berlin, mainz, ddr, isbn, mann, träger, mitglied, erzählung, jahr, exil, siebte, kreuz, mexiko, verlag, fischer, zeit
97;Arvo Pärt;9;person;Arvo Pärt, Komponist klassischer Musik (20. Jahrhundert), Komponist klassischer Musik (21. Jahrhundert), Komponist (Estland), Komponist (Kirchenmusik), Träger des Ordens des Staatswappens (I. Klasse), Träger des österreichischen Ehrenzeichens für Wissenschaft und Kunst, Träger des österreichischen Ehrenkreuzes für Wissenschaft und Kunst I. Klasse, Träger der Gloria-Artis-Medaille für kulturelle Verdienste, Ehrendoktor der Universität Tartu, Person als Namensgeber für einen Asteroiden, Mitglied der Ehrenlegion (Ritter), Mitglied der Estnischen Akademie der Wissenschaften, Mitglied der American Academy of Arts and Letters, Este, Österreicher, Geboren 1935, Mann;chor, gemischten, pärt, streichorchester, cappella, klavier, kategorie, vierstimmig, arvo, musik, orgel, orchester, zwei, violine, schlagzeug, komponist, bzw., singstimmen, sopran, sinfonie
101;Aleister Crowley;27;person;Aleister Crowley, Okkultist, Rosenkreuzer, Thelemit, Person des Neopaganismus, Person (Tarot), Autor, Literatur (Englisch), Literatur (20. Jahrhundert), Sachliteratur (Esoterik), Bergsteiger (Vereinigtes Königreich), Schachkomponist, Engländer, Brite, Geboren 1875, Gestorben 1947, Mann;crowley, crowleys, aleister, ref, isbn, buch, liber, thelema, o.t.o, golden, dawn, legis, jahren, satanismus, sei, kategorie, name, england, deutsch, abtei
105;Anne Haigis;6;person;Popsänger, Musiker (Deutschland), Person (Bonn), Deutscher, Geboren 1955, Frau;haigis, kategorie, anne, bonn, deutsch, mini|anne, dezember, rottweil, musikerin, sängerin, leben, karriere, veröffentlichte, anfang, er-jahre, jazzorientierte, alben, englischen, texten, musiklabel
112;Augustus;18;person;Kaiser (Rom), Konsul (Römische Republik), Zensor, Augur, Julier, Octavier, Römischer Mäzen, Geboren 63 v. Chr., Gestorben 14, Person im Neuen Testament, Mann, Augustus, Herrscher (1. Jahrhundert);augustus, chr., octavian, jahr, rom, antonius, caesar, isbn, gaius, kaiser, senat, zeit, princeps, jahre, macht, republik, römischen, caesars, tiberius, provinzen
115;Arthur Schopenhauer;12;person;Philosoph (19. Jahrhundert), Moralphilosoph, Kantianer, Autor, Hochschullehrer (Humboldt-Universität zu Berlin), Schriftsteller (Frankfurt am Main), Vertreter des Atheismus, Sprachkritik, Aphoristiker, Literatur (Neulatein), Person (Königlich-Preußen), Person (Danzig), Arthur Schopenhauer, Deutscher, Geboren 1788, Gestorben 1860, Mann;schopenhauer, isbn, schopenhauers, welt, arthur, philosophie, wille, vorstellung, willens, berlin, münchen, kategorie, frankfurt, auflage, willen, verlag, lehre, friedrich, ueber, mensch
117;Aemilianus (Kaiser);6;person;Kaiser (Rom), Geboren im 3. Jahrhundert, Gestorben 253, Mann, Herrscher (3. Jahrhundert);aemilianus, kaiser, gallus, soldaten, kategorie, rom, valerian, kniva, jedoch, heer, truppen, senat, kurz, djerba, supera, zonaras, sieg, versprach, goten, sichern
118;Aurelian;6;person;Aurelian, Kaiser (Rom), Militärperson (Römische Kaiserzeit), Herrscher (3. Jahrhundert), Domitier, Geboren 214, Gestorben 275, Mann, Imperium Galliarum;aurelian, jahr, kategorie, kaiser, aurelians, rom, römischen, claudius, reich, palmyra, angeblich, italien, imperium, zenobia, kam, isbn, aurelianus, konnte, osten, begann
121;Andrei Dmitrijewitsch Linde;6;person;Astronom (20. Jahrhundert), Astronom (21. Jahrhundert), Physiker (20. Jahrhundert), Physiker (21. Jahrhundert), Astrophysiker, Hochschullehrer (Stanford University), Hochschullehrer (Moskau), Person (CERN), Mitglied der National Academy of Sciences, Mitglied der American Academy of Arts and Sciences, Mitglied der Norwegischen Akademie der Wissenschaften, Russe, Sowjetbürger, Geboren 1948, Mann, Mitglied der Akademie der Wissenschaften in Hamburg;kategorie, linde, mitglied, inflationstheorie, academy, sciences, jahrhundert, andrei, moskau, physik, stanford, inflation, akademie, wissenschaften, dmitrijewitsch, russischer, dmitri, arbeitete, professor, cern
123;Adolf Hitler;30;person;Adolf Hitler, Mitglied der Familie Hitler, Reichskanzler (Deutsches Reich, 1933–1945), Reichspräsident (Deutsches Reich, 1933–1945), Träger des Goldenen Parteiabzeichens der NSDAP, DAP-Mitglied, NSDAP-Mitglied, Teilnehmer am Hitlerputsch, Täter des Holocaust, Täter des Porajmos, Person (Aktion T4), Verurteilte Person, Reichstagsabgeordneter (Weimarer Republik), Reichstagsabgeordneter (Deutsches Reich, 1933–1945), Parteivorsitzender (Deutschland), Militärperson im Nationalsozialismus, Oberbefehlshaber des Heeres (Heer der Wehrmacht), Autor (Antisemitismus), Person im Ersten Weltkrieg (Deutsches Reich), Träger des Eisernen Kreuzes I. Klasse, Person (österreichische Geschichte), Person (Braunau am Inn), Person (Cisleithanien), Österreicher, Staatenloser, Deutscher, Geboren 1889, Gestorben 1945, Mann, Regierungsrat, Beamter (Deutschland);hitler, hitlers, münchen, nsdap, isbn, september, ließ, juden, märz, juli, april, deutschen, januar, november, august, sei, oktober, adolf, krieg, deutschland
126;Arcadius;6;person;Arcadius, Kaiser (Rom), Kaiser (Byzanz), Theodosianische Dynastie, Herrscher (4. Jahrhundert), Herrscher (5. Jahrhundert), Geboren im 4. Jahrhundert, Gestorben 408, Mann;arcadius, kategorie, kaiser, theodosius, westen, rufinus, stilicho, augustus, berater, honorius, seit, osten, tod, kam, gainas, konstantinopel, herrscher, reiches, worden, hof
128;Avitus;6;person;Weströmischer Heermeister, Bischof (5. Jahrhundert), Galloromane, Kaiser (Rom), Patricius (Westrom), Prätorianerpräfekt, Gallorömischer Senatsadel, Person (Piacenza), Geboren im 4. Jahrhundert, Gestorben 457, Mann;avitus, kaiser, kategorie, gallien, italien, aetius, westgoten, heermeister, westgotischen, truppen, rom, römischen, iii, theoderich, valentinian, senatoren, geiserich, bd., isbn, prätorianerpräfekt
130;Agatha Christie;27;person;Agatha Christie, Autor, Literatur (20. Jahrhundert), Literatur (Englisch), Literatur (Vereinigtes Königreich), Kriminalliteratur, Roman, Epik, Erzählung, Drama, Autobiografie, Dame Commander des Order of the British Empire, Namensgeber für einen Venuskrater, Engländer, Brite, Geboren 1890, Gestorben 1976, Frau;christie, agatha, christies, romane, kategorie, roman, isbn, miller, poirot, jahre, mord, hercule, ref, spielt, schriftstellerin, miss, marple, leben, zeit, tod
139;Alfred Nobel;9;person;Chemiker (19. Jahrhundert), Erfinder, Unternehmer (19. Jahrhundert), Unternehmer (Chemische Industrie), Industrieller, Unternehmer (Schweden), Person (Nobelpreis), Mäzen, Mitglied der Königlich Schwedischen Akademie der Wissenschaften, Alfred Nobel, Namensgeber für ein chemisches Element, Schwede, Geboren 1833, Gestorben 1896, Mann;nobel, alfred, nobels, kategorie, nitroglycerin, stockholm, jahr, stiftung, hess, isbn, jedoch, bertha, suttner, sanremo, kam, akademie, nobelpreis, sowie, leben, vater
146;Adam Ries;6;person;Mathematiker (16. Jahrhundert), Rechenmeister, Person (Annaberg-Buchholz), Literatur (16. Jahrhundert), Literatur (Deutsch), Person als Namensgeber für einen Asteroiden, Deutscher, Geboren im 15. Jahrhundert, Gestorben 1559, Mann;ries, adam, isbn, annaberg-buchholz, leipzig, auff, kategorie, riese, staffelstein, erfurt, schriften, hrsg, annaberg, rechenmeister, coß, leben, annaberger, adam-ries-bund, adam-ries-bundes, bd.
152;André-Marie Ampère;12;person;André-Marie Ampère, Mathematiker (19. Jahrhundert), Physiker (19. Jahrhundert), Chemiker (19. Jahrhundert), Persönlichkeit der Elektrotechnik, Hochschullehrer (Collège de France), Hochschullehrer (École polytechnique), Mitglied der Société philomathique de Paris, Mitglied der Académie des sciences, Mitglied der Königlich Schwedischen Akademie der Wissenschaften, Auswärtiges Mitglied der Royal Society, Mitglied der Preußischen Akademie der Wissenschaften, Ehrenmitglied der Russischen Akademie der Wissenschaften, Mitglied der Royal Society of Edinburgh, Person (Lyon), Franzose, Geboren 1775, Gestorben 1836, Mann;ampère, kategorie, paris, lyon, andré-marie, mitglied, elektrodynamik, wissenschaften, isbn, jahre, akademie, arbeiten, elektrischen, internet-archiv, benannt, jean-jacques, mathematik, jahr, ampères, online
156;Anders Celsius;9;person;Anders Celsius, Astronom (18. Jahrhundert), Physiker (18. Jahrhundert), Hochschullehrer (Universität Uppsala), Rektor (Universität Uppsala), Person als Namensgeber für einen Asteroiden, Namensgeber für einen Mondkrater, Mitglied der Königlich Schwedischen Akademie der Wissenschaften, Mitglied der Leopoldina (18. Jahrhundert), Mitglied der Preußischen Akademie der Wissenschaften, Mitglied der Königlichen Gesellschaft der Wissenschaften in Uppsala, Mitglied der Royal Society, Schwede, Geboren 1701, Gestorben 1744, Mann;celsius, kategorie, uppsala, mitglied, universität, wissenschaften, skala, isbn, akademie, namensgeber, jahrhundert, /sup, astronom, physiker, leopoldina, preußischen, rektor, form, erde, literatur
158;Annette von Droste-Hülshoff;12;person;Annette von Droste-Hülshoff, Autor, Biedermeier (Literatur), Literatur (19. Jahrhundert), Literatur (Deutsch), Lyrik, Novelle, Brief (Literatur), Komponist (Romantik), Komponist (Deutschland), Westfälische Kunst, Schriftsteller (Münster), Person (Meersburg), Person als Namensgeber für einen Asteroiden, Freiherr (Droste zu Hülshoff), Droste zu Hülshoff, Deutscher, Geboren 1797, Gestorben 1848, Frau;annette, droste-hülshoff, isbn, droste, hülshoff, dichterin, meersburg, hrsg, münster, familie, kategorie, burg, musik, mutter, ref, leben, schwester, literatur, werk, werke
160;Albrecht (Preußen);6;person;Herzog (Preußen), Hochmeister des Deutschen Ordens, Person in der Grafenfehde, Person des evangelischen Namenkalenders, Reformator, Autor, Literatur (16. Jahrhundert), Herrscher (16. Jahrhundert), Literatur (Deutsch), Kirchenlieddichter, Hohenzoller (Linie Brandenburg-Ansbach-Kulmbach), Geboren 1490, Gestorben 1568, Mann, Albrecht (Preußen), Bibliophiler;albrecht, herzog, preußen, königsberg, nr., kategorie, albrechts, gedruckt, osianders, johann, hochmeister, deutschen, herzogtum, quellen, albrechten, brandenburg-ansbach, friedrich, sigismund, osiander, gott
164;Alexander Fleming;9;person;Alexander Fleming, Bakteriologe, Mediziner (20. Jahrhundert), Erfinder, Pharmakologe, Freimaurer (Vereinigtes Königreich), Freimaurer (19. Jahrhundert), Freimaurer (20. Jahrhundert), Nobelpreisträger für Physiologie oder Medizin, Knight Bachelor, Mitglied der Päpstlichen Akademie der Wissenschaften, Mitglied der Royal Society, Mitglied der Ehrenlegion (Kommandeur), Mitglied der Königlich Niederländischen Akademie der Wissenschaften, Mitglied der Académie des sciences, Mitglied der Royal Society of Edinburgh, Ehrendoktor der Universität Graz, Person als Namensgeber für einen Asteroiden, Namensgeber für einen Mondkrater, Schotte, Brite, Geboren 1881, Gestorben 1955, Mann;fleming, kategorie, alexander, mitglied, london, freimaurer, penicillin, society, sir, märz, mediziner, verschiedenen, leben, flemings, medizin, universität, edinburgh, royal, vater, benannt
199;Ada Lovelace;18;person;Ada Lovelace, Mathematiker (19. Jahrhundert), Informatiker, Erfinder, Computerpionier, Britischer Adliger, George Gordon Byron, Charles Babbage, Engländer, Brite, Geboren 1815, Gestorben 1852, Frau;ada, lovelace, byron, ref, maschine, kategorie, babbage, dorner, isbn, frauen, babbages, jahren, notes, charles, engine, lord, computer, analytical, ersten, mathematik
202;Alexandre Dumas der Jüngere;9;person;Alexandre Dumas der Jüngere, Autor, Literatur (19. Jahrhundert), Literatur (Französisch), Literatur (Frankreich), Drama, Roman, Epik, Mitglied der Académie française, Mitglied der Ehrenlegion (Großoffizier), Alexandre Dumas der Ältere, Franzose, Geboren 1824, Gestorben 1895, Mann;dumas, kategorie, roman, kameliendame, femmes, alexandre, literatur, fils, camélias, gesellschaftlichen, les, jahr, mitglied, aux, femme, dame, paris, november, marly-le-roi, dichter
208;Andreas Vesalius;9;person;Anatom, Mediziner (16. Jahrhundert), Hochschullehrer (Universität Padua), Geboren 1514, Gestorben 1564, Mann, Person als Namensgeber für einen Asteroiden;vesalius, andreas, vesal, humani, fabrica, basel, corporis, anatomie, galen, fabrica, kategorie, universität, brüssel, worden, libri, septem, isbn, jan, stephan, calcar
221;Ariel Scharon;9;person;Ariel Scharon, Premierminister (Israel), Außenminister (Israel), Einwandererminister (Israel), Gesundheitsminister (Israel), Innenminister (Israel), Kommunikationsminister (Israel), Landwirtschaftsminister (Israel), Religionsminister (Israel), Verkehrsminister (Israel), Verteidigungsminister (Israel), Wohlfahrtsminister (Israel), Wohnungsbauminister (Israel), Parteivorsitzender (Israel), Knesset-Abgeordneter, Kadima-Mitglied, Likud-Mitglied, Generalmajor (Israel), Fallschirmjäger (Israel), Person (Hagana), Person im Nahostkonflikt, Person im Palästinakrieg, Person im Sechstagekrieg, Person im Jom-Kippur-Krieg, Ehrendoktor der Bar-Ilan-Universität, Ramat Gan, Israeli, Geboren 1928, Gestorben 2014, Mann, Absolvent der Universität Tel Aviv;scharon, kategorie, israel, scharons, ariel, israelischen, januar, jedoch, jahr, zeit, israelische, kommandeur, verteidigungsminister, likud, militärischen, israels, armee, tel, ernannt, ende
233;Achim von Arnim;6;person;Arnim, Achim von Arnim, Autor, Dichterjurist, Literatur (19. Jahrhundert), Literatur (Deutsch), Drama, Lyrik, Roman, Epik, Volksliedsammler und -forscher, Bettina von Arnim, Deutscher, Geboren 1781, Gestorben 1831, Mann;arnim, isbn, achim, arnims, brentano, berlin, kategorie, ludwig, goethe, bettina, berliner, hrsg, wiepersdorf, clemens, romantik, band, literatur, arnim-gesellschaft, frankfurt, wunderhorn
238;Alessandro Volta;9;person;Alessandro Volta, Batterieentwickler, Physiker (18. Jahrhundert), Ingenieur, Erfinder, Konstrukteur (18. Jahrhundert), Hochschullehrer (Universität Pavia), Träger der Copley-Medaille, Mitglied der Ehrenlegion (Ritter), Mitglied der Königlich Niederländischen Akademie der Wissenschaften, Auswärtiges Mitglied der Royal Society, Mitglied der Preußischen Akademie der Wissenschaften, Mitglied der Akademie der Wissenschaften zu Göttingen, Mitglied der Bayerischen Akademie der Wissenschaften, Mitglied der Académie des sciences, Mitglied der Royal Society of Edinburgh, Person als Namensgeber für einen Asteroiden, Namensgeber für einen Mondkrater, Historische Person (Italien), Person (Como), Geboren 1745, Gestorben 1827, Mann;volta, kategorie, mitglied, alessandro, como, batterie, wissenschaften, erfindung, akademie, royal, society, napoleon, isbn, physiker, elektrizität, art, jahrhundert, voltas, giuseppe, antonio
240;Antoni van Leeuwenhoek;6;person;Optiker, Persönlichkeit der Lichtmikroskopie, Mitglied der Royal Society, Korrespondierendes Mitglied der Académie des sciences, Person als Namensgeber für einen Asteroiden, Niederländer, Geboren 1632, Gestorben 1723, Mann, Biophysiker, Physiker (17. Jahrhundert), Physiker (18. Jahrhundert), Namensgeber für einen Mondkrater;leeuwenhoek, kategorie, mikroskope, delft, antony, linsen, jedoch, royal, society, mitglied, leewenhoeck, jan, antoni, leeuwenhoeks, vermeer, phil, trans, volltext, isbn, tod
244;André Gide;18;person;André Gide, Nobelpreisträger für Literatur, Autor, Symbolismus (Literatur), Literatur (19. Jahrhundert), Literatur (20. Jahrhundert), Literatur (Französisch), Literatur (Frankreich), Homosexualität in der Literatur, Roman, Epik, Erzählung, Novelle, Essay, Drama, Librettist, Tagebuch, Filmproduzent, Schriftsteller (Paris), Mitglied der American Academy of Arts and Letters, Franzose, Geboren 1869, Gestorben 1951, Mann;gide, andré, gides, jahr, kategorie, seit, paris, werk, ersten, literatur, buch, les, zeit, walter, tagebuch, erzählung, ‚die, band, erschien, madeleine
266;Anaximander;6;person;Vorsokratiker, Astronom der Antike, Namensgeber für einen Mondkrater, Person (Milet), Grieche (Antike), Geboren im 7. Jahrhundert v. Chr., Gestorben im 6. Jahrhundert, Mann, Person als Namensgeber für einen Asteroiden;anaximander, sei, kategorie, philosophie, erde, isbn, apeiron, seele, hrsg, band, thales, kosmos, leben, vorsokratiker, anaximanders, chr., milet, werk, feuchten, lebewesen
282;Aššur-nâṣir-apli II.;6;person;König (Assyrien), Geboren im 10. Jahrhundert v. Chr., Gestorben im 9. Jahrhundert v. Chr., Mann;aššur-nâṣir-apli, kategorie, kalḫu, cambridge, mini|aššur-nâṣir-apli, museum, könig, sohn, führte, aramäer, beschrieben, jahrhundert, chr., stele, britischen, london, löwenjagd, relief, vorderasiatischen, berlin
289;Asta Nielsen;9;person;Stummfilmschauspieler, Filmschauspieler, Träger des Deutschen Filmpreises, Darstellender Künstler (Deutschland), Autobiografie, Däne, Geboren 1881, Gestorben 1972, Frau;nielsen, asta, kategorie, berlin, kopenhagen, theater, kinothek, isbn, mini|asta, heiratete, kinos, frauen, hamlet, leben, tochter, film, urban, gad, deutschland, deutschen
301;Alexander Graham Bell;12;person;Alexander Graham Bell, Erfinder (Sprechmaschinen), Unternehmer (Elektrotechnik), Person (Gehörlosenpädagogik), Eugeniker, National Geographic Society, Mitglied der Leopoldina (19. Jahrhundert), Mitglied der American Academy of Arts and Sciences, Mitglied der National Academy of Sciences, Mitglied der American Philosophical Society, Namensgeber für einen Mondkrater, Wikipedia:Artikel mit Video, Brite, US-Amerikaner, Geboren 1847, Gestorben 1922, Mann;bell, alexander, graham, ref, kategorie, company, american, telephone, telefon, erfindung, bells, erfinder, konnte, reis, thomas, erste, hubbard, national, mitglied, meucci
302;Abu Nidal;6;person;Attentäter, Person im Nahostkonflikt, Palästinenser, Inoffizieller Mitarbeiter des Ministeriums für Staatssicherheit, Geboren 1937, Gestorben 2002, Mann;abu, nidal, attentat, anschlag, august, rom, jordanien, getötet, dezember, kategorie, fatah, jordanischen, diplomaten, verletzt, fluggesellschaft, plo, nidals, könig, hussein, september
314;Bruce Willis;12;person;Filmschauspieler, US-Amerikaner, Popsänger, Emmy-Preisträger, Golden-Globe-Preisträger, Träger des Ordre des Arts et des Lettres (Komtur), Person (Idar-Oberstein), Geboren 1955, Mann;willis, kategorie, bruce, bester, stirb, langsam, mini|bruce, idar-oberstein, schauspieler, model, schnüffler, filmen, hollywood, new, emmy, scout, weitere, sei, awards, hauptdarsteller
320;Richard Buckminster Fuller;9;person;Richard Buckminster Fuller, Architekt (Vereinigte Staaten), Industriedesigner, Autor, Literatur (20. Jahrhundert), Literatur (Englisch), Literatur (Vereinigte Staaten), Sachliteratur, Designkritiker, Tagebuch, Hochschullehrer (Southern Illinois University Carbondale), Mitglied der American Academy of Arts and Letters, Mitglied der American Academy of Arts and Sciences, Träger der Presidential Medal of Freedom, US-Amerikaner, Geboren 1895, Gestorben 1983, Mann;fuller, buckminster, kategorie, isbn, new, york, american, press, academy, university, kunst, hrsg, richard, bucky, leben, jahren, menschheit, mitglied, arts, literatur
325;Billy Wilder;27;person;Billy Wilder, Autor, Person (Stummfilm), Drehbuchautor, Filmregisseur, Literatur (20. Jahrhundert), Literatur (Deutsch), Literatur (Englisch), Freimaurer (20. Jahrhundert), Freimaurer (21. Jahrhundert), Träger des Deutschen Filmpreises, Träger des Europäischen Filmpreises, Träger des Großen Bundesverdienstkreuzes mit Stern, Träger des Großen Goldenen Ehrenzeichens für Verdienste um die Republik Österreich, Träger der Ehrenmedaille der Bundeshauptstadt Wien in Gold, Träger des Großen Österreichischen Staatspreises, Mitglied der American Academy of Arts and Letters, Österreichischer Emigrant zur Zeit des Nationalsozialismus, Oscarpreisträger, Golden-Globe-Preisträger, Ehrenbürger von Wien, Österreichischer Emigrant in den Vereinigten Staaten, Person (Cisleithanien), Österreicher, US-Amerikaner, Geboren 1906, Gestorben 2002, Mann;wilder, billy, kategorie, film, boulevard, isbn, award, mögen, heiß, appartement, wien, berlin, regie, dämmerung, filme, besten, wilders, beste, regisseur, eins
326;Barry Levinson;18;person;Barry Levinson, Filmregisseur, Drehbuchautor, Oscarpreisträger, US-Amerikaner, Geboren 1942, Mann;regie, levinson, diner, barry, kategorie, rain, american, mel, brooks, baltimore, avalon, oscar, sphere, all, tin, men, hollywood, wag, dog, year
327;Bernardo Bertolucci;21;person;Bernardo Bertolucci, Filmregisseur, Drehbuchautor, PCI-Mitglied, Oscarpreisträger, Golden-Globe-Preisträger, Träger des Europäischen Filmpreises, Träger des Verdienstordens der Italienischen Republik (Großoffizier), Person (Parma), Italiener, Geboren 1941, Gestorben 2018, Mann;bertolucci, ref, film, bernardo, letzte, filme, kaiser, name, werk, bertoluccis, jahre, bb_racc, sei, kategorie, paris, jahren, regie, beste, große, gérard
345;Benoît Mandelbrot;9;person;Finanzmathematiker, Mathematiker (20. Jahrhundert), Autor, Hochschullehrer (Yale University), Träger des Japan-Preises, IBM Fellow, Mitglied der Norwegischen Akademie der Wissenschaften, Mitglied der Ehrenlegion (Offizier), Fellow der American Physical Society, Mitglied der American Academy of Arts and Sciences, Mitglied der National Academy of Sciences, Mitglied der American Philosophical Society, Ehrendoktor der Johns Hopkins University, Ehrendoktor der University of St Andrews, Litauer, US-Amerikaner, Franzose, Pole, Geboren 1924, Gestorben 2010, Mann;mandelbrot, kategorie, ref, mathematik, university, fraktale, geometrie, name, ibm, sciences, buch, american, mitglied, mathematiker, probleme, vater, fraktalen, yale, national, institute
352;Brian Eno;15;person;Popmusiker, Elektronische Lounge- und Ambient-Musik, Synthesizerspieler, Roxy Music, Musikproduzent, Grammy-Preisträger, Person als Namensgeber für einen Asteroiden, Brite, Geboren 1948, Mann;eno, music, brian, album, kategorie, peter, david, soundtrack, fripp, robert, zusammen, musiker, roxy, enos, ambient, talking, heads, titel, films, art
356;Bill Murray;12;person;Filmschauspieler, Emmy-Preisträger, Golden-Globe-Preisträger, US-Amerikaner, Geboren 1950, Mann;murray, bill, film, ghostbusters, kategorie, lost, zombieland, stimme, bester, schauspieler, jahr, saturday, night, live, jahre, city, translation, fernsehfilm, garfield, award
357;Billy Bob Thornton;15;person;Oscarpreisträger, Golden-Globe-Preisträger, Drehbuchautor, Filmregisseur, Musiker (Vereinigte Staaten), Filmschauspieler, US-Amerikaner, Geboren 1955, Mann, Angelina Jolie;kategorie, bester, thornton, nominierung, hauptdarsteller, bob, sling, blade, boxmasters, verheiratet, records, billy, schauspieler, messers, schneide, door, fargo, schauspielerin, paar, angelina
380;Bettina von Arnim;15;person;Person um Ludwig van Beethoven, Arnim, Autor, Literatur (19. Jahrhundert), Literatur (Deutsch), Roman, Epik, Tagebuch, Brief (Literatur), Menschenrechtsaktivist (Deutschland), Salonnière, Achim von Arnim, Clemens Brentano, Vormärz (Literatur), Bettina von Arnim, Person (Marburg), Person (Fritzlar), Person um Felix Mendelssohn Bartholdy, Brentano, Deutscher, Geboren 1785, Gestorben 1859, Frau;bettina, arnim, berlin, isbn, kategorie, bettine, brentano, arnims, briefwechsel, achim, goethe, briefe, beethoven, hrsg, band, frankfurt, friedrich, main, werke, buch
381;Belle Boyd;6;person;Nachrichtendienstliche Person (Vereinigte Staaten), Agent (Nachrichtendienst), US-Amerikaner, Geboren 1844, Gestorben 1900, Frau;belle, ref, boyd, markle, spies, name, südstaaten, kane, thomas, jackson, donald, markle, spymasters, civil, barnes, nobles, kategorie, virginia, prison, staaten
388;Bonaventura Cavalieri;6;person;Astronom (17. Jahrhundert), Mathematiker (17. Jahrhundert), Hochschullehrer (Universität Bologna), Person als Namensgeber für einen Asteroiden, Namensgeber für einen Mondkrater, Person (Religion, Mailand), Historische Person (Italien), Geboren 1598, Gestorben 1647, Mann;kategorie, cavalieri, prinzip, bologna, mathematiker, unendlichen, zahl, person, bonaventura, mailand, cavalerius, astronom, universität, oberflächen, körper, neu, werke, ricci, torricelli, geometria
392;Björk;9;person;Björk, Songwriter, Weltmusik-Sänger, Singer-Songwriter, Fusion-Musiker, Feministische Kunst, Person (Reykjavík), Musiker (Island), Träger des Europäischen Filmpreises, Träger des Falkenordens (Ritter), Robert-Preisträger, Isländer, Geboren 1965, Frau;björk, album, kategorie, konzerte, europa, island, tour, erschien, regie, musik, festival, film, reykjavík, lied, jahr, zusammen, kukl, sugarcubes, veröffentlicht, nordamerika
425;B. Traven;24;person;Autor, Literatur (20. Jahrhundert), Literatur (Deutsch), Erzählung, Roman, Epik, Abenteuerroman, Pseudonym, Person des Anarchismus, B. Traven, Auswanderer aus Deutschland, Gewerkschafter (Deutschland), Person (Münchner Geschichte), Person der Novemberrevolution, Herausgeber, Mexikaner, Deutscher, Geboren 1882, Gestorben 1969, Mann;traven, travens, ref, marut, mexiko, sei, ret, croves, isbn, büchergilde, torsvan, helen, gutenberg, hal, name, kategorie, totenschiff, roman, bücher, berlin
436;Bata Illic;6;person;Musiker (Deutschland), Teilnehmer an Ich bin ein Star – Holt mich hier raus!, Musiker (Jugoslawien), Schlagersänger, Deutscher, Jugoslawe, Geboren 1939, Mann;illic, kategorie, bata, augen, liebeslied, liebe, schlagersänger, michaela, album, mädchen, musiker, triphan, band, jahr, erste, lebe, seit, sand, schuhen, hawaii
437;Bernhard Grzimek;15;person;Bernhard Grzimek, Zoodirektor, Tierarzt, Mediziner (20. Jahrhundert), Verhaltensforscher, Fernsehmoderator (Deutschland), Person (Hessischer Rundfunk), Naturschützer, Oscarpreisträger, Dokumentarfilmer, Träger des Großen Bundesverdienstkreuzes mit Stern, Ehrendoktor der Humboldt-Universität zu Berlin, Sachliteratur, Literatur (20. Jahrhundert), Literatur (Deutsch), Korporierter im CV, SA-Mitglied, NSDAP-Mitglied, Person (Frankfurt am Main), Person (Schlesien), Person (Bund für Umwelt und Naturschutz Deutschland), Frankfurt am Main im 20. Jahrhundert, Deutscher, Geboren 1909, Gestorben 1987, Mann;grzimek, kategorie, tiere, bernhard, frankfurt, frankfurter, michael, berlin, main, grzimeks, zoo, ref, platz, serengeti, jahre, isbn, april, märz, sewig, ende
447;Buddy Holly;21;person;Rock-’n’-Roll-Musiker, Rocksänger, Songwriter, Rockabilly-Musiker, Pseudonym, Rock and Roll Hall of Fame, US-Amerikaner, Geboren 1936, Gestorben 1959, Mann, Unfallopfer (Flugverkehr);holly, buddy, hollys, love, that, day, studio, decca, you, aufnahmen, titel, kategorie, records, sue, peggy, stücke, veröffentlicht, crickets, album, rock
469;Blaise Pascal;18;person;Blaise Pascal, Mathematiker (17. Jahrhundert), Physiker (17. Jahrhundert), Erfinder, Logiker, Philosoph der Frühen Neuzeit, Römisch-katholischer Theologe (17. Jahrhundert), Philosoph (17. Jahrhundert), Christlicher Philosoph, Literatur (Französisch), Literatur (Frankreich), Rationalist, Essay, Aphoristiker, Person des Jansenismus, Universalgelehrter, Strömungsmechaniker, Person des evangelischen Namenkalenders, Person als Namensgeber für einen Asteroiden, Namensgeber für einen Mondkrater, Franzose, Geboren 1623, Gestorben 1662, Mann;pascal, kategorie, pascals, paris, vater, blaise, pensées, laf, pariser, jesuiten, leben, sowie, jacqueline, literatur, menschen, gott, sur, später, religion, allerdings
540;Catherine Deneuve;27;person;Filmschauspieler, Pseudonym, César-Preisträger, Träger des Europäischen Filmpreises, UNESCO-Sonderbotschafter, Darstellender Künstler (Paris), Playboy-Model, Mitglied der Ehrenlegion, Franzose, Geboren 1943, Frau;deneuve, catherine, spielte, kategorie, frauen, arte, film, nominiert, beste, hauptdarstellerin, dorléac, ref, sehen, jahren, rolle, regie, indochine, französischen, beste, césar
542;Claude Lelouch;15;person;Autor, Drehbuchautor, Filmproduzent, Filmregisseur, Literatur (20. Jahrhundert), Literatur (Französisch), Filmschauspieler, Oscarpreisträger, Mitglied der Ehrenlegion, Franzose, Geboren 1937, Mann;kategorie, lelouch, claude, mann, les, leben, frau, film, vie, une, jahre, homme, liebe, erhielt, était, autre, robert, pour, filmregisseur, drehbuchautor
543;Clint Eastwood;24;person;Oscarpreisträger, Golden-Globe-Preisträger, César-Preisträger, Filmschauspieler, Filmregisseur, Filmproduzent, Filmkomponist, Bürgermeister (Carmel-by-the-Sea), Träger des Ordens der Aufgehenden Sonne, Träger des Ordre des Arts et des Lettres (Komtur), Mitglied der American Academy of Arts and Sciences, Mitglied der Ehrenlegion (Kommandeur), Mitglied der Republikanischen Partei (Vereinigte Staaten), Person des Libertarismus, US-Amerikaner, Geboren 1930, Mann, Clint Eastwood;eastwood, film, regie, clint, dollar, besten, beste, kategorie, regisseur, million, baby, spielte, rolle, jahre, schauspieler, erbarmungslos, sehen, mystic, river, western
548;Charlie Chaplin;27;person;Charlie Chaplin, Filmschauspieler, Theaterschauspieler, Stummfilmschauspieler, Filmregisseur, Drehbuchautor, Filmproduzent, Komiker, Filmkomponist, Komponist (Vereinigtes Königreich), Komponist (Vereinigte Staaten), Filmeditor, Oscarpreisträger, Knight Commander des Order of the British Empire, Mitglied der Ehrenlegion (Kommandeur), Mitglied der Akademie der Künste (DDR), Ehrendoktor der University of Oxford, Mitglied der American Academy of Arts and Letters, Wikipedia:Artikel mit Video, Darstellender Künstler (London), Person als Namensgeber für einen Asteroiden, Brite, Geboren 1889, Gestorben 1977, Mann;chaplin, chaplins, film, charlie, kategorie, isbn, charles, filme, tramp, große, new, filmen, films, ersten, jahre, ende, hollywood, regie, diktator, rolle
566;Catherine Zeta-Jones;6;person;Filmschauspieler, Künstler (Vereinigtes Königreich), Theaterschauspieler, Oscarpreisträger, Träger des Tony Award, Commander des Order of the British Empire, Waliser, Brite, Geboren 1969, Frau;kategorie, award, chicago, zeta-jones, jones, film, fernsehserie, zorro, beste, catherine, schauspielerin, abenteuer, indiana, traffic, nebendarstellerin, performance, geteilt, kollegen, critics, rolle
569;Catherine Oxenberg;9;person;Filmschauspieler, Drehbuchautor, Filmproduzent, Serbe, US-Amerikaner, Geboren 1961, Frau;kategorie, oxenberg, catherine, dien, diana, time, september, new, york, us-amerikanischen, serbischen, prinzessin, denver-clan, rolle, spielte, biss, schlangenfrau, sehen, neben, casper
570;Charlie Parker;12;person;Komponist (Jazz), Jazz-Saxophonist, Grammy-Preisträger, Charlie Parker, Person als Namensgeber für einen Asteroiden, US-Amerikaner, Geboren 1920, Gestorben 1955, Mann;parker, charlie, bird, jazz, new, parkers, york, gillespie, isbn, city, dizzy, schon, kansas, davis, band, miles, spielte, aufnahmen, kategorie, oft
571;Chick Corea;12;person;Jazz-Pianist, Komponist (Jazz), Fusion-Musiker, Person (Scientology), Grammy-Preisträger, US-Amerikaner, Geboren 1941, Mann;corea, band, chick, album, gruppe, nahm, ref, return, forever, beste, bestes, kategorie, jazz, zusammen, gary, elektric, grammy, now, jahr, alben
577;Carl Schmitt;18;person;Rechtswissenschaftler (20. Jahrhundert), Philosoph (20. Jahrhundert), Rechtsphilosoph, Politischer Philosoph, Hochschullehrer (Technische Universität München), Hochschullehrer (Universität Greifswald), Hochschullehrer (Rheinische Friedrich-Wilhelms-Universität Bonn), Hochschullehrer (Handelshochschule Berlin), Hochschullehrer (Humboldt-Universität zu Berlin), Hochschullehrer (Universität zu Köln), Wissenschaftliches Mitglied der Kaiser-Wilhelm-Gesellschaft, Mitglied der Akademie für Deutsches Recht, Preußischer Staatsrat (ab 1933), NSDAP-Mitglied, Person (Nürnberger Prozesse), Ehrenringträger der Stadt Plettenberg, Deutscher, Geboren 1888, Gestorben 1985, Mann, Person im Ersten Weltkrieg (Deutsches Reich), Carl Schmitt;schmitt, carl, schmitts, isbn, verfassung, berlin, ordnung, politischen, sei, staat, etwa, politische, immer, hrsg, feind, kategorie, politischen, mehr, frage, begriff
579;Caligula;12;person;Caligula, Kaiser (Rom), Augur, Julier, Geboren 12, Gestorben 41, Mann, Herrscher (1. Jahrhundert);caligula, caligulas, kaiser, kaisers, tiberius, isbn, augustus, allerdings, tod, gaius, senat, ließ, sowie, quellen, rom, zeit, bd., herrschaft, sueton, jedoch
581;Commodus;9;person;Kaiser (Rom), Herrscher (2. Jahrhundert), Geboren 161, Gestorben 192, Mann, Pontifex;commodus, kaiser, vaters, rom, augustus, mark, quellen, isbn, kategorie, aurelius, vater, kaisers, römischen, senat, lucius, imperator, caesar, aurel, schließlich, kam
582;Caracalla;18;person;Kaiser (Rom), Septimier, Severer, Herrscher (3. Jahrhundert), Pontifex, Römer, Geboren 188, Gestorben 217, Mann;caracalla, caracallas, kaiser, geta, severus, cassius, soldaten, dio, septimius, rom, kaisers, römischen, vater, tod, schon, sei, typus, bruder, getas, beiden
584;Charles Babbage;12;person;Charles Babbage, Mathematiker (19. Jahrhundert), Ökonom (19. Jahrhundert), Erfinder, Logiker, Kryptoanalytiker, Mitglied der Bayerischen Akademie der Wissenschaften, Mitglied der Royal Society, Mitglied der Royal Society of Edinburgh, Mitglied der Royal Astronomical Society, Mitglied der Ungarischen Akademie der Wissenschaften, Korrespondierendes Mitglied der Russischen Akademie der Wissenschaften, Lucasischer Professor für Mathematik, Mitglied der American Academy of Arts and Sciences, Person als Namensgeber für einen Asteroiden, Namensgeber für einen Mondkrater, Ada Lovelace, Brite, Geboren 1791, Gestorben 1871, Mann;babbage, kategorie, charles, mitglied, london, society, royal, science, cambridge, mathematik, deren, akademie, wissenschaften, hrsg, engine, engine, museum, england, mathematiker, rechenmaschine
585;Clyde Tombaugh;6;person;Astronom (20. Jahrhundert), Hochschullehrer (Las Cruces), Hochschullehrer (Northern Arizona University), Hochschullehrer (University of California, Los Angeles), US-Amerikaner, Geboren 1906, Gestorben 1997, Mann, Person als Namensgeber für einen Asteroiden, Namensgeber für einen Marskrater;tombaugh, kategorie, pluto, university, clyde, new, arizona, februar, las, cruces, mexico, lernte, lowell, später, benannt, konnte, state, namensgeber, hochschullehrer, william
591;Clara Zetkin;12;person;Mitglied der Verfassunggebenden Landesversammlung (Württemberg), Träger des Rotbannerordens, Frauenrechtler (Deutschland), Politische Literatur, Reichstagsabgeordneter (Weimarer Republik), Landtagsabgeordneter (Volksstaat Württemberg), Emigrant aus dem Deutschen Reich zur Zeit des Nationalsozialismus, Mitglied der Zentrale der KPD, Mitglied des Zentralkomitees der KPD, EKKI-Mitglied, USPD-Mitglied, SPD-Mitglied, Mitglied der Roten Hilfe, Marxistischer Theoretiker, Marxistischer Theoretiker (Deutschland), Person (Stuttgart), Clara Zetkin, Person der Friedensbewegung, Träger des Leninordens, Namensgeber für ein Schiff, Deutscher, Geboren 1857, Gestorben 1933, Frau;zetkin, clara, berlin, kategorie, kpd, verlag, partei, internationalen, internationale, isbn, stuttgart, dietz, zeit, spd, arbeiterbewegung, deutschlands, mitglied, frauen, karl, ref
593;Carus (Kaiser);6;person;Kaiser (Rom), Prätorianerpräfekt, Herrscher (3. Jahrhundert), Geboren im 3. Jahrhundert, Gestorben 283, Mann;carus, kategorie, kaiser, jahrhundert, probus, carinus, historia, weitere, erhoben, sohn, numerianus, bekannt, reiches, osten, aurelius, wenige, quellen, werk, kaisergeschichte, zeit
595;Carl von Linné;15;person;Carl von Linné, Botaniker (18. Jahrhundert), Mediziner (18. Jahrhundert), Ichthyologe, Arachnologe, Hochschullehrer (Universität Uppsala), Rektor (Universität Uppsala), Samische Studien, Adliger, Mitglied der Königlich Schwedischen Akademie der Wissenschaften, Mitglied der Königlichen Gesellschaft der Wissenschaften in Uppsala, Mitglied der Leopoldina (18. Jahrhundert), Mitglied der Preußischen Akademie der Wissenschaften, Mitglied der Royal Society, Mitglied der Königlich Dänischen Akademie der Wissenschaften, Mitglied der Kongelige Norske Videnskabers Selskab, Mitglied der Académie des sciences, Mitglied der Russischen Akademie der Wissenschaften, Person als Namensgeber für einen Asteroiden, Namensgeber für eine Pflanzengattung, Träger des Nordstern-Ordens, Gärtner, Schwede, Geboren 1707, Gestorben 1778, Mann;linné, pflanzen, linnés, stockholm, carl, uppsala, mai, kategorie, linnaeus, digitalisierte, plantarum, band, alt, fassung, lars, reise, systema, naturae, universität, auflage
598;Charles Messier;6;person;Messier, Astronom (18. Jahrhundert), Mitglied der Ehrenlegion, Mitglied der Académie des sciences, Mitglied der Preußischen Akademie der Wissenschaften, Ehrenmitglied der Russischen Akademie der Wissenschaften, Mitglied der Royal Society, Person als Namensgeber für einen Asteroiden, Franzose, Geboren 1730, Gestorben 1817, Mann, Mitglied der Königlich Schwedischen Akademie der Wissenschaften, Namensgeber für einen Mondkrater;messier, kategorie, charles, später, kometen, januar, paris, co-entdeckung, delisle, komet, mitglied, april, astronom, marine, bereits, jahren, jahre, -fuß-teleskop, biographie, badonviller
599;Christian Morgenstern;12;person;Autor, Übersetzer aus dem Französischen, Übersetzer aus dem Norwegischen, Übersetzer ins Deutsche, Literatur (19. Jahrhundert), Literatur (20. Jahrhundert), Literatur (Deutsch), Kinder- und Jugendliteratur, Lyrik, Aphoristiker, Verlagslektor, Theosoph (Theosophische Gesellschaft), Anthroposoph, Schriftsteller (Berlin), Person als Namensgeber für einen Asteroiden, Deutscher, Geboren 1871, Gestorben 1914, Mann;morgenstern, isbn, christian, münchen, berlin, margareta, gedichte, piper, verlag, hrsg, kategorie, galgenlieder, morgensterns, hrsg, band, bruno, cassirer, stuttgart, vater, jedoch
601;Charles Darwin;12;person;Charles Darwin, Autor, Evolutionsbiologe, Evolutionspsychologe, Zoologe, Botaniker (19. Jahrhundert), Mitglied der Accademia dei Lincei, Mitglied der Leopoldina (19. Jahrhundert), Träger der Copley-Medaille, Träger des Pour le Mérite (Friedensklasse), Mitglied der Royal Society, Mitglied der Royal Society of Edinburgh, Mitglied der Königlich Schwedischen Akademie der Wissenschaften, Mitglied der American Philosophical Society, Mitglied der Ungarischen Akademie der Wissenschaften, Mitglied der Königlich Niederländischen Akademie der Wissenschaften, Korrespondierendes Mitglied der Académie des sciences, Mitglied der Preußischen Akademie der Wissenschaften, Mitglied der Bayerischen Akademie der Wissenschaften, Mitglied der American Academy of Arts and Sciences, Mitglied der Russischen Akademie der Wissenschaften, Person als Namensgeber für einen Asteroiden, Namensgeber für einen Marskrater, Namensgeber für einen Mondkrater, Weltumsegler, Person (Unitarismus), Brite, Geboren 1809, Gestorben 1882, Mann;darwin, charles, darwins, beagle, london, arten, kategorie, digitalisierte, john, hms, fassung, society, entstehung, später, menschen, isbn, buch, theorie, pageseq, pflanzen
603;Christiane von Goethe;6;person;Ehepartner einer berühmten Person, Familienmitglied (Johann Wolfgang von Goethe), Person (Weimar), Brief (Literatur), Deutscher, Geboren 1765, Gestorben 1816, Frau;goethe, christiane, vulpius, goethes, weimar, isbn, kategorie, wolfgang, august, verlag, weimarer, frau, johann, haus, christianes, frankfurt, juni, familie, später, bad
606;Charles Lindbergh;24;person;Charles Lindbergh, Luftfahrtpionier, Pulitzer-Preisträger, Militärperson (United States Army Air Forces), Brigadegeneral (United States Air Force), Pilot (Vereinigte Staaten), Träger der Medal of Honor, Träger der Goldenen Ehrenmedaille des Kongresses, Träger des Distinguished Flying Cross (Vereinigte Staaten), Träger des Verdienstorden vom Deutschen Adler, Namensgeber für einen Mondkrater, Ehrenbürger von London, Freimaurer (20. Jahrhundert), Freimaurer (Vereinigte Staaten), Verkehrsgeschichte (Atlantischer Ozean), Person (Antisemitismus), US-Amerikaner, Geboren 1902, Gestorben 1974, Mann, Wikipedia:Artikel mit Video;lindbergh, kategorie, charles, isbn, usa, st., louis, york, sohn, lindberghs, spirit, new, flug, august, erste, gelang, paris, flugzeug, kind, geboren
608;Carl Barks;12;person;Autor, Disney-Zeichner, Comiczeichner (Vereinigte Staaten), Künstler (Vereinigte Staaten), Comicautor, Träger des Disney Legend Award, Kinder- und Jugendliteratur, Person als Namensgeber für einen Asteroiden, US-Amerikaner, Geboren 1901, Gestorben 2000, Mann, Person (Klamath County);barks, carl, donald, duck, kategorie, disney, geschichten, isbn, comics, jahre, jahren, farm, frau, san, comic, dagobert, ducks, fans, oregon, vater
609;Charles de Gaulle;15;person;Charles de Gaulle, Namensgeber für ein Schiff, Bestsellerautor (Deutschland), Colombey les Deux Églises, Mitglied der Paneuropa-Union, Staatspräsident (Frankreich), Premierminister (Frankreich), Verteidigungsminister (Frankreich), Brigadegeneral (Frankreich), Mitglied der Ehrenlegion (Großkreuz), Träger des französischen Nationalverdienstordens (Großkreuz), Träger der Royal Victorian Chain, Opfer eines Attentats, Person im Ersten Weltkrieg (Frankreich), Person im Zweiten Weltkrieg (Frankreich), Französischer Kriegsgefangener von Deutschland, Mitglied des Rassemblement du peuple français, Person (deutsch-französische Beziehungen), Person (Weißenburg in Bayern), Zum Tode verurteilte Person, Franzose, Geboren 1890, Gestorben 1970, Mann;gaulle, frankreich, französischen, ref, gaulles, frankreichs, charles, kategorie, paris, juni, mai, isbn, republik, französische, deutschland, zeit, januar, april, november, zeit
618;Carl Friedrich Gauß;12;person;Carl Friedrich Gauß, Mathematiker (19. Jahrhundert), Physiker (19. Jahrhundert), Statistiker (19. Jahrhundert), Erfinder, Astronom (19. Jahrhundert), Geodät, Hochschullehrer (Georg-August-Universität Göttingen), Persönlichkeit der Elektrotechnik, Mitglied der Akademie der Wissenschaften zu Göttingen, Mitglied der American Academy of Arts and Sciences, Mitglied der Bayerischen Akademie der Wissenschaften, Mitglied der Königlich Niederländischen Akademie der Wissenschaften, Mitglied der Königlich Schwedischen Akademie der Wissenschaften, Mitglied der Preußischen Akademie der Wissenschaften, Mitglied der Royal Society, Mitglied der Royal Society of Edinburgh, Ehrenmitglied der Russischen Akademie der Wissenschaften, Mitglied der Ungarischen Akademie der Wissenschaften, Mitglied der Académie des sciences, Träger des Pour le Mérite (Friedensklasse), Träger des Bayerischen Maximiliansordens für Wissenschaft und Kunst, Träger der Copley-Medaille, Ehrenbürger von Braunschweig, Ehrenbürger von Göttingen, Person als Namensgeber für einen Asteroiden, Namensgeber für einen Mondkrater, Namensgeber für ein Schiff, Walhalla, Literatur (Neulatein), Deutscher, Geboren 1777, Gestorben 1855, Mann;gauß, göttingen, kategorie, friedrich, carl, gaußsche, band, gauss, hrsg, braunschweig, dito, leipzig, wissenschaften, werke, akademie, wilhelm, internet-archiv, disquisitiones, arbeiten, berlin
621;Claire Danes;6;person;Filmschauspieler, Kinderdarsteller, Emmy-Preisträger, Golden-Globe-Preisträger, Darstellender Künstler (New York City), US-Amerikaner, Geboren 1979, Frau, Absolvent der Yale University;beste, danes, hauptdarstellerin, homeland, drama-serie, auszeichnung, kategorie, nominierung, romeo, claire, fernsehserie, julia, fernsehfilm, gehst, allein, new, willkommen, leben, golden, film
631;Cosimo de’ Medici;18;person;Herr (Florenz), Familienmitglied der Medici, Bankier, Mäzen, Unternehmer (Italien), Unternehmer (15. Jahrhundert), Geboren 1389, Gestorben 1464, Mann;cosimo, florenz, medici, cosimos, sei, signoria, mailand, konnte, republik, venedig, familie, giovanni, macht, bürger, lorenzo, florentiner, politischen, isbn, medici-bank, politische
632;Christiaan Huygens;9;person;Astronom (17. Jahrhundert), Physiker (17. Jahrhundert), Mathematiker (17. Jahrhundert), Statistiker (17. Jahrhundert), Auswärtiges Mitglied der Royal Society, Mitglied der Académie des sciences, Musiktheoretiker, Persönlichkeit der Lichtmikroskopie, Niederländer, Geboren 1629, Gestorben 1695, Mann, Christiaan Huygens;huygens, tome, christiaan, kategorie, correspondance, isbn, abhandlung, deutsch, konnte, bd., christian, travaux, mathematiker, physiker, formulierte, veröffentlichte, pendeluhr, society, science, paris
633;Claus Schenk Graf von Stauffenberg;9;person;Claus Schenk Graf von Stauffenberg, Familienmitglied des Adelsgeschlechts Stauffenberg, Widerstandskämpfer des 20. Juli 1944, Oberleutnant (Reichswehr), Oberst im Generalstab (Heer der Wehrmacht), George-Kreis, Titulargraf, Hitler-Attentäter, Dolmetscher, NS-Opfer, Träger des Deutschen Kreuzes in Gold, Person (Albstadt), Deutscher, Geboren 1907, Gestorben 1944, Mann;stauffenberg, juli, graf, isbn, hitler, berlin, claus, schenk, stauffenbergs, ref, kategorie, militärischen, attentat, walküre, peter, zunächst, berthold, zeller, heeres, olbricht
655;Charles Sanders Peirce;12;person;Semiotiker, Philosoph (19. Jahrhundert), Mathematiker (19. Jahrhundert), Logiker, Linguist, Vertreter des Pragmatismus, Hochschullehrer (Johns Hopkins University), Mitglied der American Academy of Arts and Sciences, Mitglied der National Academy of Sciences, US-Amerikaner, Geboren 1839, Gestorben 1914, Mann;peirce, charles, zeichen, logik, isbn, philosophie, logic, bewusstsein, pragmatismus, denken, james, objekt, wahrheit, abduktion, jahr, pdf, semiotik, zeit, band, immer
658;Columban von Luxeuil;6;person;Heiliger (6. Jahrhundert), Heiliger (7. Jahrhundert), Irischer Heiliger, Person des evangelischen Namenkalenders, Mann, Geboren 540, Gestorben 615, Langobardenreich (Italien), Christlicher Missionar, Iroschottische Kirche;columban, kategorie, gallus, luxeuil, kloster, bobbio, november, columbans, gefährten, irischen, klöster, st., gallen, regel, kolumban, heiliger, heiligen, jahr, gründete, mönche
660;C. S. Lewis;12;person;Autor, Literaturwissenschaftler, Hochschullehrer (University of Oxford), Hochschullehrer (University of Cambridge), Literatur (20. Jahrhundert), Literatur (Englisch), Literatur (Vereinigtes Königreich), Christliche Literatur, Fantasyliteratur, Science-Fiction-Literatur, Kinder- und Jugendliteratur, Sachliteratur, Narnia, Roman, Epik, Kurzgeschichte, Erzählung, Essay, Gedicht, Autobiografie, Science Fiction Hall of Fame, Ehrendoktor der Universität Laval, Mitglied der British Academy, Person als Namensgeber für einen Asteroiden, Person (Belfast), Brite, Nordire, Geboren 1898, Gestorben 1963, Mann, C. S. Lewis;lewis, isbn, kategorie, narnia, herausgegeben, hooper, walter, oxford, literatur, fiction, college, university, science, brunnen-verlag, basel/gießen, münchen, ebd, wien, ueberreuter, tolkien
673;Carl Amery;18;person;Carl Amery, Mitglied der Deutschen Akademie für Sprache und Dichtung, Autor, Übersetzer, Literatur (Deutsch), Science-Fiction-Literatur, GVP-Mitglied, SPD-Mitglied, Bündnis-90/Die-Grünen-Mitglied, Verband-deutscher-Schriftsteller-Funktionär, Träger des Bundesverdienstkreuzes 1. Klasse, Träger des Ernst-Hoferichter-Preises, Träger des Kurd-Laßwitz-Preises, Schriftsteller (München), Maximilianeer, Pseudonym, Literatur (20. Jahrhundert), Deutscher, Geboren 1922, Gestorben 2005, Mann, Bestsellerautor (Deutschland);isbn, münchen, amery, kategorie, carl, roman, hrsg, heyne, list, krypta, passau, mai, stadt, deutscher, ende, amerys, kurd-laßwitz-preis, bayern, science, rowohlt
679;David Fincher;24;person;Filmproduzent, Filmregisseur, Filmschauspieler, Spezialeffektkünstler, Golden-Globe-Preisträger, Träger des Kurd-Laßwitz-Preises, US-Amerikaner, Person (Denver), Geboren 1962, Mann;fincher, kategorie, ref, regie, beste, nominierung, david, girl, award, george, michael, madonna, film, benjamin, button, social, network, house, cards, gone
685;David Cronenberg;21;person;Filmregisseur, Drehbuchautor, Filmproduzent, Companion des Order of Canada, Mitglied der Ehrenlegion (Ritter), Träger des Ordre des Arts et des Lettres (Ritter), Träger des Order of Ontario, Mitglied der Royal Society of Canada, Person des Judentums (Kanada), Kanadier, Geboren 1943, Mann, Träger des British Fantasy Awards;film, award, cronenberg, beste, bester, kategorie, regie, history, violence, critics, awards, naked, lunch, eastern, promises, festival, toronto, tödliche, versprechen, canada
686;David Lynch;27;person;David Lynch, Filmregisseur, Filmschauspieler, Drehbuchautor, Mitglied der Ehrenlegion (Offizier), Maler (Vereinigte Staaten), Person als Namensgeber für einen Asteroiden, Kaiserringträger der Stadt Goslar, US-Amerikaner, Geboren 1946, Mann;lynch, ref, film, fischer, david, regisseur, lynchs, drehbuchautor, drehbuch, dunkle, seite, produzent, blue, seele, name, usd, mio., velvet, titel, zusammen
689;David Wark Griffith;21;person;David Wark Griffith, Filmregisseur, Filmproduzent, Oscarpreisträger, Stummfilmschauspieler, US-Amerikaner, Geboren 1875, Gestorben 1948, Mann;griffith, film, kategorie, filmgeschichte, nation, hollywood, filme, wark, griffiths, david, drehte, ersten, biograph, geburt, united, artists, wegen, häufig, kentucky, schauspieler
704;David Arquette;15;person;Filmschauspieler, US-Amerikaner, Geboren 1971, Mann, WCW World Heavyweight Champion;arquette, david, scream, fernsehserie, wcw, kategorie, courteney, bekannt, wrestling, world, heavyweight, champion, never, time, schauspieler, cox, friends, trennung, regisseur, ready
705;Danny DeVito;15;person;Filmschauspieler, Filmproduzent, Filmregisseur, US-Amerikaner, Geboren 1944, Mann, Golden-Globe-Preisträger;kategorie, devito, hoffa, fernsehserie, michael, jimmy, bester, nebendarsteller, goldene, douglas, taxi, jagd, zug, rosenkrieg, erin, brockovich, film, walk, folge, stimme
706;Dennis Hopper;18;person;Filmschauspieler, Filmregisseur, Fotokünstler, Künstler (Vereinigte Staaten), US-Amerikaner, Geboren 1936, Gestorben 2010, Mann;hopper, rider, easy, kategorie, dennis, film, ref, regisseur, hollywood, jahren, moca, los, angeles, september, schauspieler, speed, ersten, fonda, new, zeit
708;Dave Brubeck;9;person;Jazz-Pianist, Komponist (Kirchenmusik), Komponist (Third Stream), Bandleader, Grammy-Preisträger, Schüler von Arnold Schönberg, Person im Zweiten Weltkrieg (Vereinigte Staaten), Militärperson (United States Army), Mitglied der American Academy of Arts and Sciences, Ehrendoktor der Universität Freiburg (Schweiz), Ehrendoktor der Universität Duisburg-Essen, Person als Namensgeber für einen Asteroiden, US-Amerikaner, Geboren 1920, Gestorben 2012, Mann;brubeck, dave, quartet, kategorie, jazz, desmond, time, new, quartett, york, college, paul, solo, piano, musik, universität, plays, dezember, brubecks, klavier
714;Douglas Coupland;15;person;Autor, Bildhauer (Kanada), Drehbuchautor, Literatur (20. Jahrhundert), Literatur (21. Jahrhundert), Literatur (Englisch), Kanadische Literatur, Science-Fiction-Literatur, Roman, Epik, Kurzgeschichte, Erzählung, Essay, Biografie, Officer des Order of Canada, Träger des Order of British Columbia, Kanadier, Geboren 1961, Mann;coupland, generation, kategorie, douglas, deutsch, isbn, übersetzt, roman, god, ref, life, after, vancouver, harald, leben, canada, tina, hohl, hoffmann, campe
715;Douglas Adams;12;person;Douglas Adams, Autor, Literatur (20. Jahrhundert), Literatur (Englisch), Literatur (Vereinigtes Königreich), Roman, Epik, Science-Fiction-Literatur, Science Fiction Hall of Fame, Satire, Vertreter des Atheismus, Engländer, Brite, Geboren 1952, Gestorben 2001, Mann;adams, isbn, douglas, deutsch, übersetzt, anhalter, doctor, kategorie, galaxis, who, john, per, guide, galaxy, ersten, hörbuch, utterly, fiction, benjamin, schwarz
716;Demokrit;15;person;Atomist, Vorsokratiker, Erkenntnistheoretiker, Physiker (vor dem 16. Jahrhundert), Universalgelehrter, Person als Namensgeber für einen Asteroiden, Namensgeber für einen Mondkrater, Grieche (Antike), Geboren im 5. Jahrhundert v. Chr., Gestorben im 4. Jahrhundert v. Chr., Mann;demokrit, atome, kategorie, demokrits, isbn, hrsg, seele, schriften, dinge, bewegung, jahrhundert, abdera, chr., leukipp, antike, aristoteles, band, körper, philosophie, leben
722;Domitian;9;person;Kaiser (Rom), Herrscher (1. Jahrhundert), Zensor, Augur, Flavier, Geboren 51, Gestorben 96, Mann, Titus;domitian, kaiser, isbn, domitians, senat, rom, titus, römischen, beiden, jones, sowie, kaisers, kategorie, jahr, flavier, domitianbild, herrschaft, ließ, militärische, tacitus
778;Daphne du Maurier;9;person;Autor, Sachbuchautor, Literatur (20. Jahrhundert), Literatur (Englisch), Literatur (Vereinigtes Königreich), Historischer Roman, Kurzgeschichte, Erzählung, Roman, Epik, Essay, Biografie, Dame Commander des Order of the British Empire, Person (Cornwall), Brite, Engländer, Geboren 1907, Gestorben 1989, Frau, Daphne du Maurier;roman, kategorie, regie, maurier, isbn, rebecca, daphne, cornwall, kurzgeschichte, rachel, alfred, hitchcock, literatur, übersetzt, brigitte, verlag, englisch, london, vögel, englischen
801;Douglas Sirk;21;person;Filmregisseur, Träger des Deutschen Filmpreises, Theaterregisseur, Deutscher Emigrant in den Vereinigten Staaten, Emigrant aus dem Deutschen Reich zur Zeit des Nationalsozialismus, US-Amerikaner, Person (Hamburg), Person (Lugano), Deutscher, Schweizer, Geboren 1897, Gestorben 1987, Mann;sirk, sierck, film, kategorie, deutschland, hamburg, zeit, douglas, leben, filme, lugano, detlef, drehte, ging, regie, inszenierte, ersten, regisseur, deutschen, gesellschaft
812;Donald E. Knuth;12;person;Informatiker, Hochschullehrer (Stanford University), Hochschullehrer (California Institute of Technology), TeX, Kyoto-Preisträger, Turing-Preisträger, Mathematiker (20. Jahrhundert), Mathematikhistoriker, Entwickler Freier Software, Mitglied der Académie des sciences, Mitglied der Norwegischen Akademie der Wissenschaften, Mitglied der National Academy of Sciences, Mitglied der American Academy of Arts and Sciences, Mitglied der American Philosophical Society, Mitglied der National Academy of Engineering, Mitglied der Bayerischen Akademie der Wissenschaften, Auswärtiges Mitglied der Royal Society, Fellow der American Mathematical Society, Ehrendoktor der Eberhard Karls Universität Tübingen, Ehrendoktor der ETH Zürich, Ehrendoktor der University of Glasgow, Träger der National Medal of Science, Person (Milwaukee), US-Amerikaner, Geboren 1938, Mann;kategorie, knuth, computer, mitglied, donald, stanford, isbn, programming, award, art, addison-wesley, professor, university, tex, american, clsi, society, academy, computers, typesetting
827;Diogenes von Sinope;6;person;Kyniker, Grieche (Antike), Philosoph (Antike), Geboren im 5. oder 4. Jahrhundert v. Chr., Gestorben im 4. Jahrhundert v. Chr., Mann;diogenes, isbn, sinope, laertios, platon, chr., anekdoten, sei, philosophen, hrsg, band, korinth, antiken, schriften, leben, jahrhundert, athen, allerdings, zeit, philosophie
